<?xml version="1.0" encoding="UTF-8"?>
<project-private xmlns="http://www.netbeans.org/ns/project-private/1">
    <editor-bookmarks xmlns="http://www.netbeans.org/ns/editor-bookmarks/2" lastBookmarkId="0"/>
    <open-files xmlns="http://www.netbeans.org/ns/projectui-open-files/2">
        <group name="Projetos 2015">
            <file>file:/home/marcel/NetBeansProjects/TCI_HTML5/public_html/formulario.html</file>
            <file>file:/home/marcel/NetBeansProjects/TCI_HTML5/public_html/validadores.html</file>
            <file>file:/home/marcel/NetBeansProjects/TCI_HTML5/public_html/funcoes.js</file>
        </group>
    </open-files>
</project-private>
