<?xml version="1.0" encoding="UTF-8"?>
<project-private xmlns="http://www.netbeans.org/ns/project-private/1">
    <editor-bookmarks xmlns="http://www.netbeans.org/ns/editor-bookmarks/2" lastBookmarkId="0"/>
    <open-files xmlns="http://www.netbeans.org/ns/projectui-open-files/2">
        <group>
            <file>file:/C:/Users/Renato/Documents/GitHub/quartosem-clevertonpacheco/TCI/prova/public_html/imagens.html</file>
            <file>file:/C:/Users/Renato/Documents/GitHub/quartosem-clevertonpacheco/TCI/prova/public_html/index.html</file>
            <file>file:/C:/Users/Renato/Documents/GitHub/quartosem-clevertonpacheco/TCI/prova/public_html/contato.html</file>
            <file>file:/C:/Users/Renato/Documents/GitHub/quartosem-clevertonpacheco/TCI/prova/public_html/estilos/prova.css</file>
        </group>
    </open-files>
</project-private>
